{
  "project_info": {
    "project_number": "797116333615",
    "project_id": "kora-analysis",
    "storage_bucket": "kora-analysis.firebasestorage.app"
  },
  "client": [
    {
      "client_info": {
        "mobilesdk_app_id": "1:797116333615:android:e96d8557e52747da69d0da",
        "android_client_info": {
          "package_name": "com.example.kora_analysis"
        }
      },
      "oauth_client": [],
      "api_key": [
        {
          "current_key": "AIzaSyD1Txu21wZMp0jHNgW7ZcMDseWksbgRdBE"
        }
      ],
      "services": {
        "appinvite_service": {
          "other_platform_oauth_client": []
        }
      }
    }
  ],
  "configuration_version": "1"
}